decision,kind,status,url,titleLength,descriptionLength,h1Count,jsonLdCount,imageCount,imagesMissingAlt,issues,canonical,title,description
strengthen_seo,home,200,https://moonn.ru/,45,146,5,0,55,55,images_missing_alt;missing_jsonld;multiple_h1,https://moonn.ru/,Татьяна Мунн — психолог МГУ в Москве и онлайн,"Татьяна Мунн (Кумскова Татьяна Михайловна) — психолог МГУ: консультации в Москве и онлайн, эмоциональный интеллект, отношения, стресс и подростки."
strengthen_seo,other,200,https://moonn.ru/abuse_gaslight,42,121,1,0,11,11,images_missing_alt;missing_jsonld,https://moonn.ru/abuse_gaslight,Абьюз и газлайтинг | психолог Татьяна Мунн,"Абьюз и газлайтинг: материал Татьяны Мунн, психолога МГУ, о практической психологии, эмоциях, отношениях и саморегуляции."
strengthen_seo,other,200,https://moonn.ru/aromatherapy,62,141,1,0,19,19,images_missing_alt;missing_jsonld,https://moonn.ru/aromatherapy,Ароматерапия и эмоциональное состояние | психолог Татьяна Мунн,"Ароматерапия и эмоциональное состояние: материал Татьяны Мунн, психолога МГУ, о практической психологии, эмоциях, отношениях и саморегуляции."
strengthen_seo,article,200,https://moonn.ru/article_diary_of_emotions,29,111,1,0,14,14,images_missing_alt;missing_jsonld,https://moonn.ru/article_diary_of_emotions,Дневник эмоций | Татьяна Мунн,"Дневник эмоций: авторская статья Татьяны Мунн, психолога МГУ, о поведении, эмоциях, отношениях и саморегуляции."
strengthen_seo,article,200,https://moonn.ru/article_femininity,41,123,1,0,8,8,images_missing_alt;missing_jsonld,https://moonn.ru/article_femininity,Женственность в отношениях | Татьяна Мунн,"Женственность в отношениях: авторская статья Татьяны Мунн, психолога МГУ, о поведении, эмоциях, отношениях и саморегуляции."
strengthen_seo,article,200,https://moonn.ru/article_gadget_addiction,49,131,1,0,19,19,images_missing_alt;missing_jsonld,https://moonn.ru/article_gadget_addiction,Зависимость подростков от гаджетов | Татьяна Мунн,"Зависимость подростков от гаджетов: авторская статья Татьяны Мунн, психолога МГУ, о поведении, эмоциях, отношениях и саморегуляции."
strengthen_seo,article,200,https://moonn.ru/article_toxic_job,42,124,1,0,2,2,images_missing_alt;missing_jsonld,https://moonn.ru/article_toxic_job,Негативные эмоции на работе | Татьяна Мунн,"Негативные эмоции на работе: авторская статья Татьяны Мунн, психолога МГУ, о поведении, эмоциях, отношениях и саморегуляции."
strengthen_seo,article,200,https://moonn.ru/articles/eq-dlya-rukovoditeley,51,133,1,0,2,2,images_missing_alt;missing_jsonld,https://moonn.ru/articles/eq-dlya-rukovoditeley,Эмоциональный интеллект руководителя | Татьяна Мунн,"Эмоциональный интеллект руководителя: авторская статья Татьяны Мунн, психолога МГУ, о поведении, эмоциях, отношениях и саморегуляции."
strengthen_seo,other,200,https://moonn.ru/baza-znaniy-emocionalnyy-intellekt-psihologiya,64,156,1,0,5,5,images_missing_alt;missing_jsonld,https://moonn.ru/baza-znaniy-emocionalnyy-intellekt-psihologiya,База знаний по психологии и эмоциональному интеллекту | психолог,"База знаний по психологии и эмоциональному интеллекту: материал Татьяны Мунн, психолога МГУ, о практической психологии, эмоциях, отношениях и саморегуляции."
strengthen_seo,other,200,https://moonn.ru/eintellect,47,126,1,0,5,5,duplicate_description;duplicate_title;images_missing_alt;missing_jsonld,https://moonn.ru/eintellect,Эмоциональный интеллект | психолог Татьяна Мунн,"Эмоциональный интеллект: материал Татьяны Мунн, психолога МГУ, о практической психологии, эмоциях, отношениях и саморегуляции."
strengthen_seo,other,200,https://moonn.ru/emotional-intelligence/,47,126,0,0,4,4,duplicate_description;duplicate_title;images_missing_alt;missing_h1;missing_jsonld,https://moonn.ru/emotional-intelligence/,Эмоциональный интеллект | психолог Татьяна Мунн,"Эмоциональный интеллект: материал Татьяны Мунн, психолога МГУ, о практической психологии, эмоциях, отношениях и саморегуляции."
strengthen_seo,article,200,https://moonn.ru/emotional-intelligence/articles,50,132,0,0,2,2,images_missing_alt;missing_h1;missing_jsonld,https://moonn.ru/emotional-intelligence/articles,Статьи по эмоциональному интеллекту | Татьяна Мунн,"Статьи по эмоциональному интеллекту: авторская статья Татьяны Мунн, психолога МГУ, о поведении, эмоциях, отношениях и саморегуляции."
strengthen_seo,article,200,https://moonn.ru/emotional-intelligence/articles/benefits-of-ei,62,153,0,0,2,2,images_missing_alt;missing_h1;missing_jsonld,https://moonn.ru/emotional-intelligence/articles/benefits-of-ei,Преимущества эмоционального интеллекта: что даёт развитый EQ в,"Преимущества эмоционального интеллекта: что даёт развитый EQ в жизни и: авторская статья Татьяны Мунн, психолога МГУ, о поведении, эмоциях, отношениях и."
strengthen_seo,article,200,https://moonn.ru/emotional-intelligence/articles/emotional-intelligence-skills,64,155,0,0,2,2,images_missing_alt;missing_h1;missing_jsonld,https://moonn.ru/emotional-intelligence/articles/emotional-intelligence-skills,5 ключевых навыков эмоционального интеллекта: от осознанности до,"5 ключевых навыков эмоционального интеллекта: от осознанности до влияния: авторская статья Татьяны Мунн, психолога МГУ, о поведении, эмоциях, отношениях и."
strengthen_seo,article,200,https://moonn.ru/emotional-intelligence/articles/what-is-emotional-intelligence,49,131,0,0,3,2,images_missing_alt;missing_h1;missing_jsonld,https://moonn.ru/emotional-intelligence/articles/what-is-emotional-intelligence,Что такое эмоциональный интеллект? | Татьяна Мунн,"Что такое эмоциональный интеллект?: авторская статья Татьяны Мунн, психолога МГУ, о поведении, эмоциях, отношениях и саморегуляции."
strengthen_seo,article,200,https://moonn.ru/emotional-intelligence/articles/why-ei-matters,60,151,0,0,2,2,images_missing_alt;missing_h1;missing_jsonld,https://moonn.ru/emotional-intelligence/articles/why-ei-matters,Почему эмоциональный интеллект важнее IQ в карьере и жизни |,"Почему эмоциональный интеллект важнее IQ в карьере и жизни | Научные: авторская статья Татьяны Мунн, психолога МГУ, о поведении, эмоциях, отношениях и."
strengthen_seo,other,200,https://moonn.ru/emotional-intelligence/diagnostoka-ei,67,158,0,0,3,3,images_missing_alt;missing_h1;missing_jsonld,https://moonn.ru/emotional-intelligence/diagnostoka-ei,Диагностика эмоционального интеллекта: как измерить свой EQ | Тесты,"Диагностика эмоционального интеллекта: как измерить свой EQ | Тесты и: материал Татьяны Мунн, психолога МГУ, о практической психологии, эмоциях, отношениях и."
strengthen_seo,other,200,https://moonn.ru/emotional-intelligence/ei-leader-12,54,133,0,0,2,2,images_missing_alt;missing_h1;missing_jsonld,https://moonn.ru/emotional-intelligence/ei-leader-12,Эмоциональный интеллект лидера | психолог Татьяна Мунн,"Эмоциональный интеллект лидера: материал Татьяны Мунн, психолога МГУ, о практической психологии, эмоциях, отношениях и саморегуляции."
strengthen_seo,knowledge_base,200,https://moonn.ru/emotional-intelligence/knowledge-base,55,148,0,0,2,2,images_missing_alt;missing_h1;missing_jsonld,https://moonn.ru/emotional-intelligence/knowledge-base,База знаний по эмоциональному интеллекту | Татьяна Мунн,"База знаний по эмоциональному интеллекту: справочный материал Татьяны Мунн по эмоциональному интеллекту, коммуникации, саморегуляции и устойчивости."
strengthen_seo,knowledge_base,200,https://moonn.ru/emotional-intelligence/knowledge-base/active-listening,67,152,0,0,8,7,images_missing_alt;missing_h1;missing_jsonld,https://moonn.ru/emotional-intelligence/knowledge-base/active-listening,Активное слушание: как научиться слышать и понимать людей | Татьяна,"Активное слушание: как научиться слышать и понимать людей: справочный материал Татьяны Мунн по эмоциональному интеллекту, коммуникации, саморегуляции и."
strengthen_seo,knowledge_base,200,https://moonn.ru/emotional-intelligence/knowledge-base/burnout,60,153,0,0,8,7,images_missing_alt;missing_h1;missing_jsonld,https://moonn.ru/emotional-intelligence/knowledge-base/burnout,"Выгорание: признаки, причины и восстановление | Татьяна Мунн","Выгорание: признаки, причины и восстановление: справочный материал Татьяны Мунн по эмоциональному интеллекту, коммуникации, саморегуляции и устойчивости."
strengthen_seo,knowledge_base,200,https://moonn.ru/emotional-intelligence/knowledge-base/emotional-contagion,65,158,0,0,8,7,images_missing_alt;missing_h1;missing_jsonld,https://moonn.ru/emotional-intelligence/knowledge-base/emotional-contagion,Эмоциональное заражение: как эмоции передаются людям и командам |,"Эмоциональное заражение: как эмоции передаются людям и командам: справочный материал Татьяны Мунн по эмоциональному интеллекту, коммуникации, саморегуляции и."
strengthen_seo,knowledge_base,200,https://moonn.ru/emotional-intelligence/knowledge-base/emotional-intelligence,66,146,0,0,7,6,images_missing_alt;missing_h1;missing_jsonld,https://moonn.ru/emotional-intelligence/knowledge-base/emotional-intelligence,Что такое эмоциональный интеллект и как он работает | Татьяна Мунн,"Что такое эмоциональный интеллект и как он работает: справочный материал Татьяны Мунн по эмоциональному интеллекту, коммуникации, саморегуляции и."
strengthen_seo,knowledge_base,200,https://moonn.ru/emotional-intelligence/knowledge-base/emotional-literacy,60,153,0,0,7,6,images_missing_alt;missing_h1;missing_jsonld,https://moonn.ru/emotional-intelligence/knowledge-base/emotional-literacy,Эмоциональная грамотность — навык точного выражения чувств |,"Эмоциональная грамотность — навык точного выражения чувств: справочный материал Татьяны Мунн по эмоциональному интеллекту, коммуникации, саморегуляции и."
strengthen_seo,knowledge_base,200,https://moonn.ru/emotional-intelligence/knowledge-base/emotional-maturity,63,156,0,0,7,7,images_missing_alt;missing_h1;missing_jsonld,https://moonn.ru/emotional-intelligence/knowledge-base/emotional-maturity,Эмоциональная зрелость: как отличить и развивать | Татьяна Мунн,"Эмоциональная зрелость: как отличить и развивать: справочный материал Татьяны Мунн по эмоциональному интеллекту, коммуникации, саморегуляции и устойчивости."
strengthen_seo,knowledge_base,200,https://moonn.ru/emotional-intelligence/knowledge-base/empathy,65,158,0,0,8,7,images_missing_alt;missing_h1;missing_jsonld,https://moonn.ru/emotional-intelligence/knowledge-base/empathy,Эмпатия — ключевой навык эмоционального интеллекта | Татьяна Мунн,"Эмпатия — ключевой навык эмоционального интеллекта: справочный материал Татьяны Мунн по эмоциональному интеллекту, коммуникации, саморегуляции и устойчивости."
strengthen_seo,knowledge_base,200,https://moonn.ru/emotional-intelligence/knowledge-base/intrinsic-motivation,65,158,0,0,8,7,images_missing_alt;missing_h1;missing_jsonld,https://moonn.ru/emotional-intelligence/knowledge-base/intrinsic-motivation,Внутренняя мотивация: как её развивать и не потерять | психолог и,"Внутренняя мотивация: как её развивать и не потерять | психолог и: справочный материал Татьяны Мунн по эмоциональному интеллекту, коммуникации, саморегуляции."
strengthen_seo,knowledge_base,200,https://moonn.ru/emotional-intelligence/knowledge-base/male-loneliness-russia,66,144,1,0,2,2,images_missing_alt;missing_jsonld,https://moonn.ru/emotional-intelligence/knowledge-base/male-loneliness-russia,"Мужское одиночество в России: скрытый кризис, о котором не принято","Мужское одиночество в России: скрытый кризис, о котором не принято: справочный материал Татьяны Мунн по эмоциональному интеллекту, коммуникации."
strengthen_seo,knowledge_base,200,https://moonn.ru/emotional-intelligence/knowledge-base/nonviolent-communication,64,157,0,0,8,7,images_missing_alt;missing_h1;missing_jsonld,https://moonn.ru/emotional-intelligence/knowledge-base/nonviolent-communication,Ненасильственное общение (ННО/NVC): как говорить без конфликта |,"Ненасильственное общение (ННО/NVC): как говорить без конфликта: справочный материал Татьяны Мунн по эмоциональному интеллекту, коммуникации, саморегуляции и."
strengthen_seo,knowledge_base,200,https://moonn.ru/emotional-intelligence/knowledge-base/personal-boundaries,60,153,0,0,8,7,images_missing_alt;missing_h1;missing_jsonld,https://moonn.ru/emotional-intelligence/knowledge-base/personal-boundaries,Личные границы: как их выстраивать и защищать | Татьяна Мунн,"Личные границы: как их выстраивать и защищать: справочный материал Татьяны Мунн по эмоциональному интеллекту, коммуникации, саморегуляции и устойчивости."
strengthen_seo,knowledge_base,200,https://moonn.ru/emotional-intelligence/knowledge-base/psychological-safety,64,157,0,0,8,7,images_missing_alt;missing_h1;missing_jsonld,https://moonn.ru/emotional-intelligence/knowledge-base/psychological-safety,Психологическая безопасность команды: что это и как её создать |,"Психологическая безопасность команды: что это и как её создать: справочный материал Татьяны Мунн по эмоциональному интеллекту, коммуникации, саморегуляции и."
strengthen_seo,knowledge_base,200,https://moonn.ru/emotional-intelligence/knowledge-base/self-awareness,60,153,0,0,7,6,images_missing_alt;missing_h1;missing_jsonld,https://moonn.ru/emotional-intelligence/knowledge-base/self-awareness,Самоосознанность: ключевой навык эмоционального интеллекта |,"Самоосознанность: ключевой навык эмоционального интеллекта: справочный материал Татьяны Мунн по эмоциональному интеллекту, коммуникации, саморегуляции и."
strengthen_seo,knowledge_base,200,https://moonn.ru/emotional-intelligence/knowledge-base/self-regulation,66,151,0,0,7,6,images_missing_alt;missing_h1;missing_jsonld,https://moonn.ru/emotional-intelligence/knowledge-base/self-regulation,Саморегуляция — ключевой навык эмоционального интеллекта | Татьяна,"Саморегуляция — ключевой навык эмоционального интеллекта: справочный материал Татьяны Мунн по эмоциональному интеллекту, коммуникации, саморегуляции и."
strengthen_seo,knowledge_base,200,https://moonn.ru/emotional-intelligence/knowledge-base/social-intelligence,65,150,0,0,7,6,images_missing_alt;missing_h1;missing_jsonld,https://moonn.ru/emotional-intelligence/knowledge-base/social-intelligence,Социальные навыки и социальный интеллект: как развивать | Татьяна,"Социальные навыки и социальный интеллект: как развивать: справочный материал Татьяны Мунн по эмоциональному интеллекту, коммуникации, саморегуляции и."
strengthen_seo,lecture_or_events,200,https://moonn.ru/events,63,138,0,0,2,2,images_missing_alt;missing_h1;missing_jsonld,https://moonn.ru/events,Мероприятия Татьяны Мунн — психология и эмоциональный интеллект,"Мероприятия Татьяны Мунн: лекции и практические материалы Татьяны Мунн по психологии, эмоциональному интеллекту, отношениям и soft skills."
strengthen_seo,lecture_or_events,200,https://moonn.ru/events_tp,62,147,0,0,2,2,images_missing_alt;missing_h1;missing_jsonld,https://moonn.ru/events_tp,Лекции Татьяны Мунн по психологии — психология и эмоциональный,"Лекции Татьяны Мунн по психологии: лекции и практические материалы Татьяны Мунн по психологии, эмоциональному интеллекту, отношениям и soft skills."
strengthen_seo,other,200,https://moonn.ru/geshtalt,39,118,1,0,4,4,images_missing_alt;missing_jsonld,https://moonn.ru/geshtalt,Гештальт-подход | психолог Татьяна Мунн,"Гештальт-подход: материал Татьяны Мунн, психолога МГУ, о практической психологии, эмоциях, отношениях и саморегуляции."
strengthen_seo,other,200,https://moonn.ru/kpt,56,135,1,0,4,4,images_missing_alt;missing_jsonld,https://moonn.ru/kpt,Когнитивно-поведенческая терапия | психолог Татьяна Мунн,"Когнитивно-поведенческая терапия: материал Татьяны Мунн, психолога МГУ, о практической психологии, эмоциях, отношениях и саморегуляции."
strengthen_seo,other,200,https://moonn.ru/kurs-ei,57,136,1,1,9,2,images_missing_alt,https://moonn.ru/kurs-ei,Курс по эмоциональному интеллекту | психолог Татьяна Мунн,"Курс по эмоциональному интеллекту: материал Татьяны Мунн, психолога МГУ, о практической психологии, эмоциях, отношениях и саморегуляции."
strengthen_seo,lecture_or_events,200,https://moonn.ru/lectures1,64,139,0,0,6,6,images_missing_alt;missing_h1;missing_jsonld,https://moonn.ru/lectures1,Архив лекций Татьяны Мунн — психология и эмоциональный интеллект,"Архив лекций Татьяны Мунн: лекции и практические материалы Татьяны Мунн по психологии, эмоциональному интеллекту, отношениям и soft skills."
strengthen_seo,other,200,https://moonn.ru/microbiom,59,138,0,0,17,17,images_missing_alt;missing_h1;missing_jsonld,https://moonn.ru/microbiom,Микробиом и эмоциональное состояние | психолог Татьяна Мунн,"Микробиом и эмоциональное состояние: материал Татьяны Мунн, психолога МГУ, о практической психологии, эмоциях, отношениях и саморегуляции."
strengthen_seo,other,200,https://moonn.ru/novosti,60,157,0,0,4,4,images_missing_alt;missing_h1;missing_jsonld,https://moonn.ru/novosti,Командировка преподавателя МГУ Татьяны Мунн в филиал МГУ в г,"Командировка преподавателя МГУ Татьяны Мунн в филиал МГУ в г. Ташкенте: материал Татьяны Мунн, психолога МГУ, о практической психологии, эмоциях, отношениях."
strengthen_seo,other,200,https://moonn.ru/otzivi,55,134,2,0,11,11,images_missing_alt;missing_jsonld;multiple_h1,https://moonn.ru/otzivi,Отзывы о психологе Татьяне Мунн | психолог Татьяна Мунн,"Отзывы о психологе Татьяне Мунн: материал Татьяны Мунн, психолога МГУ, о практической психологии, эмоциях, отношениях и саморегуляции."
strengthen_seo,other,200,https://moonn.ru/panicheskie_ataki,40,119,7,0,14,14,images_missing_alt;missing_jsonld;multiple_h1,https://moonn.ru/panicheskie_ataki,Панические атаки | психолог Татьяна Мунн,"Панические атаки: материал Татьяны Мунн, психолога МГУ, о практической психологии, эмоциях, отношениях и саморегуляции."
strengthen_seo,other,200,https://moonn.ru/phytotherapy,61,140,0,0,9,9,images_missing_alt;missing_h1;missing_jsonld,https://moonn.ru/phytotherapy,Фитотерапия и эмоциональное состояние | психолог Татьяна Мунн,"Фитотерапия и эмоциональное состояние: материал Татьяны Мунн, психолога МГУ, о практической психологии, эмоциях, отношениях и саморегуляции."
strengthen_seo,other,200,https://moonn.ru/platnye-treningi-seminary-programmy-tatiana-moonn,62,141,0,0,12,11,images_missing_alt;missing_h1;missing_jsonld,https://moonn.ru/platnye-treningi-seminary-programmy-tatiana-moonn,Платные тренинги и лекции Татьяны Мунн | психолог Татьяна Мунн,"Платные тренинги и лекции Татьяны Мунн: материал Татьяны Мунн, психолога МГУ, о практической психологии, эмоциях, отношениях и саморегуляции."
strengthen_seo,other,200,https://moonn.ru/programmakursa,68,147,1,0,5,2,images_missing_alt;missing_jsonld,https://moonn.ru/programmakursa,Программа курса по эмоциональному интеллекту | психолог Татьяна Мунн,"Программа курса по эмоциональному интеллекту: материал Татьяны Мунн, психолога МГУ, о практической психологии, эмоциях, отношениях и саморегуляции."
strengthen_seo,other,200,https://moonn.ru/psiholog,54,136,0,0,12,10,canonical_mismatch;images_missing_alt;missing_h1;missing_jsonld,https://moonn.ru/psiholog-konsultacii-moskva,"Психолог в Москве и онлайн: Татьяна Мунн, психолог МГУ","Психолог МГУ Татьяна Мунн: консультации в Москве и онлайн, эмоциональный интеллект, стресс, отношения и поддержка взрослых и подростков."
strengthen_seo,service,200,https://moonn.ru/psiholog-konsultacii-moskva,67,148,2,0,13,12,images_missing_alt;missing_jsonld;multiple_h1,https://moonn.ru/psiholog-konsultacii-moskva,Консультации психолога в Москве и онлайн: психолог МГУ Татьяна Мунн,"Консультации психолога в Москве и онлайн: консультации Татьяны Мунн, психолога МГУ, в Москве и онлайн. Стресс, отношения, эмоции и личные состояния."
strengthen_seo,service,200,https://moonn.ru/psiholog_moskva,44,125,0,0,7,7,images_missing_alt;missing_h1;missing_jsonld,https://moonn.ru/psiholog_moskva,Психолог в Москве: психолог МГУ Татьяна Мунн,"Психолог в Москве: консультации Татьяны Мунн, психолога МГУ, в Москве и онлайн. Стресс, отношения, эмоции и личные состояния."
strengthen_seo,other,200,https://moonn.ru/psihology,64,143,0,0,9,9,images_missing_alt;missing_h1;missing_jsonld,https://moonn.ru/psihology,Психологическая помощь в Москве и онлайн | психолог Татьяна Мунн,"Психологическая помощь в Москве и онлайн: материал Татьяны Мунн, психолога МГУ, о практической психологии, эмоциях, отношениях и саморегуляции."
strengthen_seo,other,200,https://moonn.ru/psy4psy,46,125,1,0,20,20,images_missing_alt;missing_jsonld,https://moonn.ru/psy4psy,Психолог для психолога | психолог Татьяна Мунн,"Психолог для психолога: материал Татьяны Мунн, психолога МГУ, о практической психологии, эмоциях, отношениях и саморегуляции."
strengthen_seo,other,200,https://moonn.ru/psychoanalys,35,114,1,0,4,4,images_missing_alt;missing_jsonld,https://moonn.ru/psychoanalys,Психоанализ | психолог Татьяна Мунн,"Психоанализ: материал Татьяны Мунн, психолога МГУ, о практической психологии, эмоциях, отношениях и саморегуляции."
strengthen_seo,other,200,https://moonn.ru/psypodgotovka1,50,129,8,0,22,20,images_missing_alt;missing_jsonld;multiple_h1,https://moonn.ru/psypodgotovka1,Психологическая подготовка | психолог Татьяна Мунн,"Психологическая подготовка: материал Татьяны Мунн, психолога МГУ, о практической психологии, эмоциях, отношениях и саморегуляции."
strengthen_seo,other,200,https://moonn.ru/recomend,61,140,1,0,3,3,images_missing_alt;missing_jsonld,https://moonn.ru/recomend,Рекомендации и материалы Татьяны Мунн | психолог Татьяна Мунн,"Рекомендации и материалы Татьяны Мунн: материал Татьяны Мунн, психолога МГУ, о практической психологии, эмоциях, отношениях и саморегуляции."
strengthen_seo,other,200,https://moonn.ru/salt,43,122,0,0,28,26,images_missing_alt;missing_h1;missing_jsonld,https://moonn.ru/salt,Соль и самочувствие | психолог Татьяна Мунн,"Соль и самочувствие: материал Татьяны Мунн, психолога МГУ, о практической психологии, эмоциях, отношениях и саморегуляции."
strengthen_seo,other,200,https://moonn.ru/schematherapy,36,115,0,0,3,3,images_missing_alt;missing_h1;missing_jsonld,https://moonn.ru/schematherapy,Схематерапия | психолог Татьяна Мунн,"Схематерапия: материал Татьяны Мунн, психолога МГУ, о практической психологии, эмоциях, отношениях и саморегуляции."
strengthen_seo,other,200,https://moonn.ru/selfharm,52,131,0,0,11,11,images_missing_alt;missing_h1;missing_jsonld,https://moonn.ru/selfharm,Самоповреждение у подростков | психолог Татьяна Мунн,"Самоповреждение у подростков: материал Татьяны Мунн, психолога МГУ, о практической психологии, эмоциях, отношениях и саморегуляции."
strengthen_seo,article,200,https://moonn.ru/semeynie_konflikti_article,33,115,0,0,2,2,images_missing_alt;missing_h1;missing_jsonld,https://moonn.ru/semeynie_konflikti_article,Семейные конфликты | Татьяна Мунн,"Семейные конфликты: авторская статья Татьяны Мунн, психолога МГУ, о поведении, эмоциях, отношениях и саморегуляции."
strengthen_seo,service,200,https://moonn.ru/semeyniy_psiholog,44,125,0,0,8,8,images_missing_alt;missing_h1;missing_jsonld,https://moonn.ru/semeyniy_psiholog,Семейный психолог: психолог МГУ Татьяна Мунн,"Семейный психолог: консультации Татьяны Мунн, психолога МГУ, в Москве и онлайн. Стресс, отношения, эмоции и личные состояния."
strengthen_seo,other,200,https://moonn.ru/seminar555,60,139,0,0,31,31,images_missing_alt;missing_h1;missing_jsonld,https://moonn.ru/seminar555,Семинар по методу Быстрая психология | психолог Татьяна Мунн,"Семинар по методу Быстрая психология: материал Татьяны Мунн, психолога МГУ, о практической психологии, эмоциях, отношениях и саморегуляции."
strengthen_seo,other,200,https://moonn.ru/shppp333,68,147,1,0,3,3,images_missing_alt;missing_jsonld,https://moonn.ru/shppp333,Школа практической психологии для подростков | психолог Татьяна Мунн,"Школа практической психологии для подростков: материал Татьяны Мунн, психолога МГУ, о практической психологии, эмоциях, отношениях и саморегуляции."
strengthen_seo,lecture_or_events,200,https://moonn.ru/speaker,62,137,1,0,14,13,images_missing_alt;missing_jsonld,https://moonn.ru/speaker,Татьяна Мунн как спикер — психология и эмоциональный интеллект,"Татьяна Мунн как спикер: лекции и практические материалы Татьяны Мунн по психологии, эмоциональному интеллекту, отношениям и soft skills."
review_noindex_or_rename_slug,test_or_staging,200,https://moonn.ru/st1,59,174,0,0,9,9,duplicate_description;images_missing_alt;missing_h1;missing_jsonld;opaque_or_test_slug,https://moonn.ru/st1,"онлайн-тренинг ""Среда Трансформации"". психолог Татьяна Мунн","Гле взять силы и энергию на трансформацию и улучшения своей жизни? - Трансформационный тренинг ОНЛАЙН ""СРЕДА Трансформации"" поможет вернуть энергию и начать менять свою жизнь"
review_noindex_or_rename_slug,test_or_staging,200,https://moonn.ru/st2,105,174,0,0,5,5,duplicate_description;images_missing_alt;long_title;missing_h1;missing_jsonld;opaque_or_test_slug,https://moonn.ru/st2,"онлайн-тренинг ""Среда Трансформации"" стартует 31 декабря 2025 года. Автор и ведущий психолог Татьяна Мунн","Гле взять силы и энергию на трансформацию и улучшения своей жизни? - Трансформационный тренинг ОНЛАЙН ""СРЕДА Трансформации"" поможет вернуть энергию и начать менять свою жизнь"
strengthen_seo,other,200,https://moonn.ru/trauma,46,125,1,0,2,2,images_missing_alt;missing_jsonld,https://moonn.ru/trauma,Психологическая травма | психолог Татьяна Мунн,"Психологическая травма: материал Татьяны Мунн, психолога МГУ, о практической психологии, эмоциях, отношениях и саморегуляции."
strengthen_seo,service,200,https://moonn.ru/uslugi_aerofobia,66,150,6,0,9,9,images_missing_alt;missing_jsonld;multiple_h1,https://moonn.ru/uslugi_aerofobia,Аэрофобия Консультации по страху полётов (аэрофобия): психолог МГУ,"Аэрофобия Консультации по страху полётов (аэрофобия): консультации Татьяны Мунн, психолога МГУ, в Москве и онлайн. Стресс, отношения, эмоции и личные."
strengthen_seo,service,200,https://moonn.ru/uslugi_depression,61,155,6,0,11,11,images_missing_alt;missing_jsonld;multiple_h1,https://moonn.ru/uslugi_depression,Депрессивное состояние: понимание и преодоление: психолог МГУ,"Депрессивное состояние: понимание и преодоление: консультации Татьяны Мунн, психолога МГУ, в Москве и онлайн. Стресс, отношения, эмоции и личные состояния."
strengthen_seo,service,200,https://moonn.ru/uslugi_fin_blocks,55,136,1,0,4,4,images_missing_alt;missing_jsonld,https://moonn.ru/uslugi_fin_blocks,Проработка финансовых блоков: психолог МГУ Татьяна Мунн,"Проработка финансовых блоков: консультации Татьяны Мунн, психолога МГУ, в Москве и онлайн. Стресс, отношения, эмоции и личные состояния."
strengthen_seo,service,200,https://moonn.ru/uslugi_gtr,67,155,7,0,14,14,images_missing_alt;missing_jsonld;multiple_h1,https://moonn.ru/uslugi_gtr,Тревожные расстройства: когда тревога становится болезнью: психолог,"Тревожные расстройства: когда тревога становится болезнью: консультации Татьяны Мунн, психолога МГУ, в Москве и онлайн. Стресс, отношения, эмоции и личные."
strengthen_seo,service,200,https://moonn.ru/uslugi_konflikti_na_rabote,67,151,1,0,10,10,images_missing_alt;missing_jsonld,https://moonn.ru/uslugi_konflikti_na_rabote,"Проработка внутренних конфликтов, связанных с работой: психолог МГУ","Проработка внутренних конфликтов, связанных с работой: консультации Татьяны Мунн, психолога МГУ, в Москве и онлайн. Стресс, отношения, эмоции и личные."
strengthen_seo,service,200,https://moonn.ru/uslugi_lubovnaya_zavisimost,63,144,6,0,8,8,images_missing_alt;missing_jsonld;multiple_h1,https://moonn.ru/uslugi_lubovnaya_zavisimost,Любовные зависимости и привязанности: психолог МГУ Татьяна Мунн,"Любовные зависимости и привязанности: консультации Татьяны Мунн, психолога МГУ, в Москве и онлайн. Стресс, отношения, эмоции и личные состояния."
strengthen_seo,service,200,https://moonn.ru/uslugi_obida_na_roditelei,61,152,2,0,6,6,images_missing_alt;missing_jsonld;multiple_h1,https://moonn.ru/uslugi_obida_na_roditelei,"Обида на родителей - негативные чувства, связанные с детством","Обида на родителей - негативные чувства, связанные с детством: консультации Татьяны Мунн, психолога МГУ, в Москве и онлайн. Стресс, отношения, эмоции и."
strengthen_seo,service,200,https://moonn.ru/uslugi_otnosheniya_v_kollektive,61,142,2,0,10,10,images_missing_alt;missing_jsonld;multiple_h1,https://moonn.ru/uslugi_otnosheniya_v_kollektive,Налаживание отношений в коллективе: психолог МГУ Татьяна Мунн,"Налаживание отношений в коллективе: консультации Татьяны Мунн, психолога МГУ, в Москве и онлайн. Стресс, отношения, эмоции и личные состояния."
strengthen_seo,service,200,https://moonn.ru/uslugi_podrostki,67,151,1,0,10,10,images_missing_alt;missing_jsonld,https://moonn.ru/uslugi_podrostki,Психологическая консультация для подростков от 12 лет: психолог МГУ,"Психологическая консультация для подростков от 12 лет: консультации Татьяны Мунн, психолога МГУ, в Москве и онлайн. Стресс, отношения, эмоции и личные."
strengthen_seo,service,200,https://moonn.ru/uslugi_procrastination,67,152,6,0,12,12,images_missing_alt;missing_jsonld;multiple_h1,https://moonn.ru/uslugi_procrastination,Прокрастинация: Почему мы откладываем дела на потом и как перестать,"Прокрастинация: Почему мы откладываем дела на потом и как перестать это: консультации Татьяны Мунн, психолога МГУ, в Москве и онлайн. Стресс, отношения."
strengthen_seo,service,200,https://moonn.ru/uslugi_razvod,66,147,3,0,7,7,images_missing_alt;missing_jsonld;multiple_h1,https://moonn.ru/uslugi_razvod,"Помощь при расставании, измене, разводе: психолог МГУ Татьяна Мунн","Помощь при расставании, измене, разводе: консультации Татьяны Мунн, психолога МГУ, в Москве и онлайн. Стресс, отношения, эмоции и личные состояния."
strengthen_seo,service,200,https://moonn.ru/uslugi_sohranit_brak,66,157,5,0,9,9,images_missing_alt;missing_jsonld;multiple_h1,https://moonn.ru/uslugi_sohranit_brak,"Как сохранить брак: преодоление кризисов, восстановление доверия и","Как сохранить брак: преодоление кризисов, восстановление доверия и: консультации Татьяны Мунн, психолога МГУ, в Москве и онлайн. Стресс, отношения, эмоции и."
strengthen_seo,other,200,https://moonn.ru/vacuum_cups,54,133,0,0,26,26,images_missing_alt;missing_h1;missing_jsonld,https://moonn.ru/vacuum_cups,Вакуумные банки и самочувствие | психолог Татьяна Мунн,"Вакуумные банки и самочувствие: материал Татьяны Мунн, психолога МГУ, о практической психологии, эмоциях, отношениях и саморегуляции."
strengthen_seo,article,200,https://moonn.ru/vigoranie_article,34,116,1,0,10,10,images_missing_alt;missing_jsonld,https://moonn.ru/vigoranie_article,Выгорание на работе | Татьяна Мунн,"Выгорание на работе: авторская статья Татьяны Мунн, психолога МГУ, о поведении, эмоциях, отношениях и саморегуляции."
strengthen_seo,article,200,https://moonn.ru/vospitanie_article,33,115,0,0,2,2,images_missing_alt;missing_h1;missing_jsonld,https://moonn.ru/vospitanie_article,Воспитание ребенка | Татьяна Мунн,"Воспитание ребенка: авторская статья Татьяны Мунн, психолога МГУ, о поведении, эмоциях, отношениях и саморегуляции."
strengthen_seo,lecture_or_events,200,https://moonn.ru/vystupleniya-lekcii-treningi-psiholog-tatiana-moonn,58,157,1,0,13,12,images_missing_alt;missing_jsonld,https://moonn.ru/vystupleniya-lekcii-treningi-psiholog-tatiana-moonn,"Выступления, лекции и тренинги Татьяны Мунн — психология и","Выступления, лекции и тренинги Татьяны Мунн: лекции и практические материалы Татьяны Мунн по психологии, эмоциональному интеллекту, отношениям и soft skills."
strengthen_seo,other,200,https://moonn.ru/water,59,138,1,0,26,26,images_missing_alt;missing_jsonld,https://moonn.ru/water,Вода и психоэмоциональное состояние | психолог Татьяна Мунн,"Вода и психоэмоциональное состояние: материал Татьяны Мунн, психолога МГУ, о практической психологии, эмоциях, отношениях и саморегуляции."
