url,status,hasSemanticLayerScript,h1Count,h1Text,h2Count,targetChecks,targetChecksMatched,error
https://moonn.ru/,200,True,1,Татьяна Мунн - психолог МГУ,5,0,0,
https://moonn.ru/abuse_gaslight,200,True,1,Абьюзинг и газлайтинг,0,0,0,
https://moonn.ru/aromatherapy,200,True,1,Ароматерапия и психология,0,1,1,
https://moonn.ru/article_diary_of_emotions,200,True,1,Как вести дневник эмоций,5,0,0,
https://moonn.ru/article_femininity,200,True,1,Потеря женственности в отношениях,1,0,0,
https://moonn.ru/article_gadget_addiction,200,True,1,Зависимость подростков от гаджетов и социальных сетей,6,0,0,
https://moonn.ru/article_toxic_job,200,True,1,как справиться с негативными эмоциями других людей,0,0,0,
https://moonn.ru/articles/eq-dlya-rukovoditeley,200,True,1,Эмоциональный интеллект лидера,0,0,0,
https://moonn.ru/baza-znaniy-emocionalnyy-intellekt-psihologiya,200,True,1,Полезная информация по ПСИХОЛОГИИ,3,0,0,
https://moonn.ru/eintellect,200,True,1,Эмоциональный интеллект,4,0,0,
https://moonn.ru/emotional-intelligence/,200,True,1,Эмоциональный интеллект — основа осознанного лидерства,0,1,1,
https://moonn.ru/emotional-intelligence/articles,200,True,1,СТАТЬИ по Эмоциональному Интеллекту (ЭИ),0,1,1,
https://moonn.ru/emotional-intelligence/articles/benefits-of-ei,200,True,1,Преимущества и польза эмоционального интеллекта — почему это работает всегда,0,1,1,
https://moonn.ru/emotional-intelligence/articles/emotional-intelligence-skills,200,True,1,Навыки эмоционального интеллекта — 5 основ зрелой личности,0,0,0,
https://moonn.ru/emotional-intelligence/articles/what-is-emotional-intelligence,200,True,1,Что такое эмоциональный интеллект — просто о главном,0,1,1,
https://moonn.ru/emotional-intelligence/articles/why-ei-matters,200,True,1,"Почему эмоциональный интеллект так важен — больше, чем просто «уметь чувствовать»",0,1,1,
https://moonn.ru/emotional-intelligence/diagnostoka-ei,200,True,1,Диагностика эмоционального интеллекта — как понять свой уровень EI,0,1,1,
https://moonn.ru/emotional-intelligence/ei-leader-12,200,True,1,"Что делать эффективному лидеру, если его руководитель — человек с низким эмоциональным интеллектом",0,0,0,
https://moonn.ru/emotional-intelligence/knowledge-base,200,True,1,БАЗА ЗНАНИЙ по Эмоциональному Интеллекту (ЭИ),0,1,1,
https://moonn.ru/emotional-intelligence/knowledge-base/active-listening,200,True,1,АКТИВНОЕ СЛУШАНИЕ,0,1,1,
https://moonn.ru/emotional-intelligence/knowledge-base/burnout,200,True,1,ВЫГОРАНИЕ,0,1,1,
https://moonn.ru/emotional-intelligence/knowledge-base/emotional-contagion,200,True,1,ЭМОЦИОНАЛЬНЫЕ ЗАРАЖЕНИЕ,0,1,1,
https://moonn.ru/emotional-intelligence/knowledge-base/emotional-intelligence,200,True,1,ЭМОЦИОНАЛЬНЫЙ ИНТЕЛЛЕКТ (ЭИ / EI / EQ),0,1,1,
https://moonn.ru/emotional-intelligence/knowledge-base/emotional-literacy,200,True,1,ЭМОЦИОНАЛЬНАЯ ГРАМОТНОСТЬ,0,1,1,
https://moonn.ru/emotional-intelligence/knowledge-base/emotional-maturity,200,True,1,ЭМОЦИОНАЛЬНАЯ ЗРЕЛОСТЬ,0,1,1,
https://moonn.ru/emotional-intelligence/knowledge-base/empathy,200,True,0,,0,0,0,
https://moonn.ru/emotional-intelligence/knowledge-base/intrinsic-motivation,200,True,1,ВНУТРЕННЯЯ МОТИВАЦИЯ,0,1,1,
https://moonn.ru/emotional-intelligence/knowledge-base/male-loneliness-russia,200,True,1,Мужское одиночество в России,0,0,0,
https://moonn.ru/emotional-intelligence/knowledge-base/nonviolent-communication,200,True,1,НЕНАСИЛЬСТВЕННОЕ ОБЩЕНИЕ (ННО/NVC),0,1,1,
https://moonn.ru/emotional-intelligence/knowledge-base/personal-boundaries,200,True,1,ЛИЧНЫЕ ГРАНИЦЫ,0,1,1,
https://moonn.ru/emotional-intelligence/knowledge-base/psychological-safety,200,True,1,ПСИХОЛОГИЧЕСКАЯ БЕЗОПАСНОСТЬ,0,1,1,
https://moonn.ru/emotional-intelligence/knowledge-base/self-awareness,200,True,1,САМООСОЗНАННОСТЬ,0,1,1,
https://moonn.ru/emotional-intelligence/knowledge-base/self-regulation,200,True,1,САМОРЕГУЛЯЦИЯ,0,1,1,
https://moonn.ru/emotional-intelligence/knowledge-base/social-intelligence,200,True,1,СОЦИАЛЬНЫЕ НАВЫКИ (Социальный интеллект),0,1,1,
https://moonn.ru/events,200,True,1,Бесплатные Лекции по Психологии в Москве Психолог Татьяна Мунн,0,0,0,
https://moonn.ru/events_tp,200,True,1,Лекции Татьяны Мунн по психологии АПРЕЛЬ 2026,0,1,1,
https://moonn.ru/geshtalt,200,True,1,Гештальт-терапия:,6,0,0,
https://moonn.ru/kpt,200,True,1,Когнитивно-поведенческая терапия (КПТ),6,0,0,
https://moonn.ru/kurs-ei,200,True,1,Курс про эмоциональный интеллект без скучной подачи,9,0,0,
https://moonn.ru/lectures1,200,True,1,Лекции по психологии,0,0,0,
https://moonn.ru/microbiom,200,True,1,Микробиом и Психология,0,1,1,
https://moonn.ru/novosti,200,True,1,"Татьяна Мунн выступит на Московской Неделе Интерьера и Дизайна. Тема выступления ""Порядок в доме и в голове"".",0,0,0,
https://moonn.ru/otzivi,200,True,1,ОТЗЫВЫ КЛИЕНТОВ Психолог Татьяна Мунн,2,1,1,
https://moonn.ru/panicheskie_ataki,200,True,1,Как БЫСТРО избавиться от ПАНИЧЕСКИХ АТАК?,20,3,3,
https://moonn.ru/phytotherapy,200,True,1,ФИТОТЕРАПИЯ И ПСИХОЛОГИЯ Раскройте целебную силу растений,0,1,1,
https://moonn.ru/platnye-treningi-seminary-programmy-tatiana-moonn,200,True,1,ОБУЧЕНИЕ психологии у Татьяны Мунн,0,1,1,
https://moonn.ru/programmakursa,200,True,1,Программа курса по эмоциональному интеллекту,5,0,0,
https://moonn.ru/psiholog,200,True,0,,0,0,0,
https://moonn.ru/psiholog-konsultacii-moskva,200,True,1,Психологические Консультации в Москве Психолог МГУ - Татьяна Мунн,8,1,1,
https://moonn.ru/psiholog_moskva,200,True,1,ПСИХОЛОГ МОСКВА. БЫСТРАЯ ПСИХОЛОГИЯ. ОНЛАЙН И ОЧНО В КАБИНЕТЕ,0,0,0,
https://moonn.ru/psihology,200,True,0,,0,0,0,
https://moonn.ru/psy4psy,200,True,1,ПСИХОЛОГ для ПСИХОЛОГОВ,6,0,0,
https://moonn.ru/psychoanalys,200,True,1,Психоанализ,6,0,0,
https://moonn.ru/psypodgotovka1,200,True,1,"ПСИХОЛОГИЧЕСКАЯ подготовка к экзаменам (ОГЭ, ЕГЭ, Экзамены в ВУЗах)",15,2,2,
https://moonn.ru/recomend,200,True,1,Полезная информация по ПСИХОЛОГИИ,3,0,0,
https://moonn.ru/salt,200,True,1,Соль для здоровья,0,0,0,
https://moonn.ru/schematherapy,200,True,1,Виды схем в Схематерапии:,0,0,0,
https://moonn.ru/selfharm,200,True,1,Суицидальные мысли и селфхарм (самоповреждения) у подростков,0,1,1,
https://moonn.ru/semeynie_konflikti_article,200,True,1,Управление конфликтами в семье,0,0,0,
https://moonn.ru/semeyniy_psiholog,200,True,1,Консультации семейного психолога,0,0,0,
https://moonn.ru/seminar555,200,True,0,,0,0,0,
https://moonn.ru/shppp333,200,True,1,Школа ПРАКТИЧЕСКОЙ Психологии для ПОДРОСТКОВ в г. Москве,0,0,0,
https://moonn.ru/speaker,200,True,1,"Татьяна Мунн - эксперт по эмоциональному интеллекту, soft skills и психологии состояний. Лекции, тренинги, корпоративные программы",6,0,0,
https://moonn.ru/st1,200,True,0,,0,0,0,
https://moonn.ru/st2,200,True,0,,0,0,0,
https://moonn.ru/trauma,200,True,1,Психология травмы:,3,0,0,
https://moonn.ru/uslugi_aerofobia,200,True,1,Боишься летать на самолётах?,30,2,2,
https://moonn.ru/uslugi_depression,200,True,1,Депрессивное состояние:,21,2,2,
https://moonn.ru/uslugi_fin_blocks,200,True,1,Проработка финансовых блоков,1,0,0,
https://moonn.ru/uslugi_gtr,200,True,1,Тревожные расстройства:,23,2,1,
https://moonn.ru/uslugi_konflikti_na_rabote,200,True,1,"Проработка внутренних конфликтов, связанных с работой",1,0,0,
https://moonn.ru/uslugi_lubovnaya_zavisimost,200,True,1,Любовные зависимости и привязанности:,30,2,2,
https://moonn.ru/uslugi_obida_na_roditelei,200,True,1,Обида на родителей:,4,1,1,
https://moonn.ru/uslugi_otnosheniya_v_kollektive,200,True,1,Налаживание отношений в коллективе,7,1,1,
https://moonn.ru/uslugi_podrostki,200,True,1,Психологическая консультация для подростков от 12 лет,1,0,0,
https://moonn.ru/uslugi_procrastination,200,True,1,Прокрастинация,25,3,3,
https://moonn.ru/uslugi_razvod,200,True,1,"Психологическая помощь при расставании, измене, разводе:",9,2,2,
https://moonn.ru/uslugi_sohranit_brak,200,True,1,Как сохранить брак,19,2,2,
https://moonn.ru/vacuum_cups,200,True,1,Вакуумные банки и баночный массаж,0,1,1,
https://moonn.ru/vigoranie_article,200,True,1,Выгорание на работе,3,0,0,
https://moonn.ru/vospitanie_article,200,True,1,ВОСПИТАНИЕ ДЕТЕЙ,0,1,1,
https://moonn.ru/vystupleniya-lekcii-treningi-psiholog-tatiana-moonn,200,True,1,"ТЕМЫ ЛЕКЦИЙ, КОТОРЫЕ Я ЧИТАЮ",1,0,0,
https://moonn.ru/water,200,True,1,Как правильно пить воду,5,0,0,
